City_ID,City,Country,Date,Lat,Lng,Max Temp,Humidity,Cloudiness,Wind Speed
0,Jamestown,US,2021-09-13 20:53:13,42.097,-79.2353,79.09,81,90,5.99
1,Klaksvik,FO,2021-09-13 20:53:13,62.2266,-6.589,52.72,91,100,19.42
2,Chokurdakh,RU,2021-09-13 20:53:14,70.6333,147.9167,40.3,77,84,3.06
3,Pevek,RU,2021-09-13 20:53:14,69.7008,170.3133,34.36,99,100,7.94
4,Fare,PF,2021-09-13 20:53:14,-16.7,-151.0167,78.19,75,19,15.82
5,Atuona,PF,2021-09-13 20:53:15,-9.8,-139.0333,77.77,69,37,20.89
6,Padang,ID,2021-09-13 20:53:15,-0.9492,100.3543,76.05,78,100,3.51
7,Rikitea,PF,2021-09-13 20:53:15,-23.1203,-134.9692,74.32,74,54,10.6
8,Albany,US,2021-09-13 20:53:18,42.6001,-73.9662,77.67,54,61,9.26
9,Mogadishu,SO,2021-09-13 20:53:18,2.0371,45.3438,76.95,78,100,18.66
10,Georgetown,MY,2021-09-13 20:50:40,5.4112,100.3354,76.95,91,20,1.01
11,Esperance,AU,2021-09-13 20:53:18,-33.8667,121.9,48.04,86,0,9.37
12,Norman Wells,CA,2021-09-13 20:53:19,65.282,-126.8329,53.64,71,20,5.75
13,Batemans Bay,AU,2021-09-13 20:53:19,-35.7167,150.1833,49.91,86,37,7.65
14,Ponta Do Sol,PT,2021-09-13 20:53:20,32.6667,-17.1,74.01,75,20,10.18
15,Ushuaia,AR,2021-09-13 20:49:46,-54.8,-68.3,40.62,75,56,8.21
16,Hofn,IS,2021-09-13 20:53:20,64.2539,-15.2082,50.94,74,68,28.34
17,Nanortalik,GL,2021-09-13 20:53:20,60.1432,-45.2371,38.26,78,5,20.22
18,Upernavik,GL,2021-09-13 20:53:21,72.7868,-56.1549,35.01,73,100,16.67
19,Hobart,AU,2021-09-13 20:49:14,-42.8794,147.3294,37.06,92,20,1.99
20,Narsaq,GL,2021-09-13 20:53:21,60.9167,-46.05,40.98,48,0,6.08
21,Cape Town,ZA,2021-09-13 20:53:22,-33.9258,18.4232,55.81,73,20,4.0
22,Arraial Do Cabo,BR,2021-09-13 20:53:22,-22.9661,-42.0278,76.96,83,0,18.41
23,Avarua,CK,2021-09-13 20:53:22,-21.2078,-159.775,78.85,69,20,16.11
24,Amontada,BR,2021-09-13 20:51:17,-3.3617,-39.8317,81.36,64,19,11.43
25,Kudahuvadhoo,MV,2021-09-13 20:53:23,2.6708,72.8944,83.16,74,12,6.85
26,Antalaha,MG,2021-09-13 20:53:23,-14.9003,50.2788,68.65,90,42,7.11
27,Bredasdorp,ZA,2021-09-13 20:53:23,-34.5322,20.0403,54.72,71,100,1.14
28,Bethel,US,2021-09-13 20:53:24,41.3712,-73.414,83.34,62,34,1.01
29,Port Elizabeth,ZA,2021-09-13 20:53:24,-33.918,25.5701,57.49,100,90,16.11
30,Mataura,NZ,2021-09-13 20:53:24,-46.1927,168.8643,39.47,95,85,1.36
31,Chuy,UY,2021-09-13 20:51:09,-33.6971,-53.4616,61.23,97,99,4.5
32,Punta Arenas,CL,2021-09-13 20:51:44,-53.15,-70.9167,50.02,61,75,25.32
33,Kununurra,AU,2021-09-13 20:52:18,-15.7667,128.7333,67.98,83,82,0.0
34,Busselton,AU,2021-09-13 20:53:25,-33.65,115.3333,42.08,85,3,5.61
35,Khatanga,RU,2021-09-13 20:53:25,71.9667,102.5,42.58,81,18,9.15
36,Tuatapere,NZ,2021-09-13 20:53:26,-46.1333,167.6833,39.81,89,98,2.35
37,Vila Franca Do Campo,PT,2021-09-13 20:53:26,37.7167,-25.4333,68.41,81,31,8.23
38,Tiksi,RU,2021-09-13 20:53:26,71.6872,128.8694,41.56,90,100,2.64
39,Mocuba,MZ,2021-09-13 20:53:27,-16.8392,36.9856,71.24,72,0,3.58
40,Miri,MY,2021-09-13 20:53:27,4.4148,114.0089,75.34,94,40,5.75
41,Quito,EC,2021-09-13 20:48:57,-0.2299,-78.5249,68.95,60,97,2.82
42,Bluff,NZ,2021-09-13 20:53:27,-46.6,168.3333,39.79,63,88,5.84
43,Sitka,US,2021-09-13 20:53:28,57.0531,-135.33,57.09,88,90,10.36
44,Lebu,CL,2021-09-13 20:53:28,-37.6167,-73.65,51.06,68,2,12.17
45,Cozieni,RO,2021-09-13 20:53:29,45.3333,26.4833,64.45,54,96,4.79
46,Hilo,US,2021-09-13 20:53:29,19.7297,-155.09,83.28,77,3,1.99
47,Santa Isabel Do Rio Negro,BR,2021-09-13 20:53:29,-0.4139,-65.0192,84.47,64,82,2.91
48,Kodiak,US,2021-09-13 20:53:30,57.79,-152.4072,51.98,77,100,11.65
49,Erzin,TR,2021-09-13 20:53:30,36.9559,36.2,76.01,76,0,1.59
50,Isangel,VU,2021-09-13 20:53:30,-19.55,169.2667,69.91,94,33,0.0
51,Hammerfest,NO,2021-09-13 20:53:31,70.6634,23.6821,43.25,81,75,8.05
52,Lermontovka,RU,2021-09-13 20:53:31,47.1453,134.3383,46.42,73,100,2.75
53,Laguna,US,2021-09-13 20:53:31,38.421,-121.4238,99.64,24,1,1.99
54,Iracoubo,GF,2021-09-13 20:53:32,5.4802,-53.2011,81.09,79,5,6.31
55,Prince Rupert,CA,2021-09-13 20:53:32,54.3161,-130.3201,57.29,82,90,13.8
56,Torbay,CA,2021-09-13 20:53:32,47.6666,-52.7314,63.75,69,90,23.02
57,Tarabuco,BO,2021-09-13 20:53:33,-19.1667,-64.9167,69.28,21,44,6.42
58,Vardo,NO,2021-09-13 20:53:33,70.3705,31.1107,42.78,75,75,17.27
59,Kavieng,PG,2021-09-13 20:53:34,-2.5744,150.7967,81.34,80,87,13.67
60,Burnie,AU,2021-09-13 20:53:34,-41.0667,145.9167,43.95,76,73,5.86
61,Simoes,BR,2021-09-13 20:53:34,-7.5989,-40.8178,81.12,43,7,8.57
62,New Norfolk,AU,2021-09-13 20:53:35,-42.7826,147.0587,36.72,76,16,2.37
63,Airai,TL,2021-09-13 20:53:35,-8.9266,125.4092,57.96,87,42,3.02
64,Vaini,TO,2021-09-13 20:53:35,-21.2,-175.2,75.36,88,20,8.05
65,Touros,BR,2021-09-13 20:53:36,-5.1989,-35.4608,81.5,80,4,15.19
66,College,US,2021-09-13 20:53:36,64.8569,-147.8028,59.58,59,75,0.0
67,Nurota,UZ,2021-09-13 20:53:36,40.5614,65.6886,64.49,25,0,6.51
68,East London,ZA,2021-09-13 20:53:37,-33.0153,27.9116,66.18,73,100,15.64
69,Pangnirtung,CA,2021-09-13 20:53:37,66.1451,-65.7125,39.2,60,20,18.41
70,Rosario,AR,2021-09-13 20:51:07,-32.9468,-60.6393,69.71,68,75,4.0
71,Nishihara,JP,2021-09-13 20:53:37,26.1842,127.7558,82.06,89,75,14.97
72,Qaanaaq,GL,2021-09-13 20:53:38,77.484,-69.3632,19.71,73,14,6.71
73,Tasiilaq,GL,2021-09-13 20:53:38,65.6145,-37.6368,39.88,62,99,21.0
74,Hermanus,ZA,2021-09-13 20:53:39,-34.4187,19.2345,54.9,73,96,9.93
75,Tanem,NO,2021-09-13 20:53:39,63.3078,10.4319,46.33,86,100,2.89
76,Carnarvon,AU,2021-09-13 20:53:42,-24.8667,113.6333,57.27,67,0,9.22
77,Tura,IN,2021-09-13 20:53:42,25.5198,90.2201,73.44,97,100,6.04
78,Teguise,ES,2021-09-13 20:53:42,29.0605,-13.564,73.62,73,20,9.22
79,Kapaa,US,2021-09-13 20:53:43,22.0752,-159.319,81.48,59,21,7.0
80,Faya,SA,2021-09-13 20:53:43,18.3851,42.4509,68.11,33,9,2.15
81,Banjar,ID,2021-09-13 20:53:43,-8.19,114.9675,78.66,88,37,2.19
82,Kropotkin,RU,2021-09-13 20:53:44,45.4375,40.5756,66.38,65,62,5.08
83,Kulhudhuffushi,MV,2021-09-13 20:53:44,6.6221,73.07,82.22,78,52,15.52
84,Okhotsk,RU,2021-09-13 20:53:44,59.3833,143.3,52.72,65,7,2.33
85,Tosya,TR,2021-09-13 20:53:45,41.0155,34.0401,59.61,79,43,3.11
86,Namatanai,PG,2021-09-13 20:53:45,-3.6667,152.4333,79.97,81,77,9.4
87,Butaritari,KI,2021-09-13 20:53:45,3.0707,172.7902,82.06,78,41,17.78
88,Ust-Omchug,RU,2021-09-13 20:53:46,61.15,149.6333,45.12,56,4,1.41
89,Nikolayevskaya,RU,2021-09-13 20:53:46,47.6139,41.5023,63.39,59,42,3.6
90,Pisco,PE,2021-09-13 20:53:46,-13.7,-76.2167,65.01,77,40,8.05
91,Den Helder,NL,2021-09-13 20:53:47,52.9599,4.7593,62.58,82,62,8.05
92,Pilar,BR,2021-09-13 20:53:47,-9.5972,-35.9567,78.73,94,21,5.3
93,Soloneshnoye,RU,2021-09-13 20:53:48,51.6544,84.3197,40.95,57,53,7.54
94,Yellowknife,CA,2021-09-13 20:50:47,62.456,-114.3525,57.72,72,75,8.05
95,Sosnovo-Ozerskoye,RU,2021-09-13 20:53:48,52.5249,111.5418,44.78,84,67,6.2
96,Flinders,AU,2021-09-13 20:53:48,-34.5833,150.8552,51.19,75,57,5.99
97,Moultonborough,US,2021-09-13 20:53:49,43.7548,-71.3967,75.6,54,0,8.99
98,Cruzeiro Do Sul,BR,2021-09-13 20:53:49,-29.5128,-51.9853,68.52,91,100,4.52
99,Srednekolymsk,RU,2021-09-13 20:53:50,67.45,153.6833,47.91,68,100,6.64
100,Umm Lajj,SA,2021-09-13 20:53:50,25.0213,37.2685,85.12,60,0,3.67
101,Cockburn Town,TC,2021-09-13 20:53:50,21.4612,-71.1419,83.55,71,72,16.98
102,Tezu,IN,2021-09-13 20:53:50,27.9167,96.1667,76.69,78,5,4.45
103,Lavrentiya,RU,2021-09-13 20:53:51,65.5833,-171.0,44.15,85,100,15.12
104,Tocopilla,CL,2021-09-13 20:51:53,-22.092,-70.1979,63.72,65,94,5.01
105,Kieta,PG,2021-09-13 20:53:51,-6.2167,155.6333,80.51,82,84,7.49
106,Meulaboh,ID,2021-09-13 20:53:52,4.1363,96.1285,75.4,86,96,4.09
107,Pointe Michel,DM,2021-09-13 20:53:52,15.25,-61.3833,83.34,89,20,2.3
108,Paraiso,CR,2021-09-13 20:53:53,9.8383,-83.8656,69.42,95,98,1.79
109,Xining,CN,2021-09-13 20:53:53,36.6167,101.7667,57.2,96,100,2.21
110,Provideniya,RU,2021-09-13 20:53:53,64.3833,-173.3,46.51,76,90,13.42
111,Cayenne,GF,2021-09-13 20:53:54,4.9333,-52.3333,86.04,79,75,3.0
112,Petropavl,KZ,2021-09-13 20:53:54,54.8753,69.1628,42.67,74,31,4.81
113,Moyale,KE,2021-09-13 20:53:54,3.5167,39.0584,70.34,52,67,3.96
114,Mar Del Plata,AR,2021-09-13 20:50:51,-38.0023,-57.5575,62.62,34,0,20.71
115,Machacamarca,BO,2021-09-13 20:53:55,-18.1667,-67.0333,65.41,16,54,12.97
116,Mahebourg,MU,2021-09-13 20:53:55,-20.4081,57.7,70.25,73,40,13.8
117,Karla,EE,2021-09-13 20:53:55,59.3723,24.9275,51.76,66,0,17.27
118,Beidao,CN,2021-09-13 20:53:56,34.5686,105.8933,64.58,75,77,6.6
119,Saint-Louis,SN,2021-09-13 20:53:56,16.3333,-15.0,90.81,43,100,18.84
120,Korla,CN,2021-09-13 20:53:56,41.7597,86.1469,68.52,42,0,9.26
121,Perbaungan,ID,2021-09-13 20:53:57,3.5679,98.956,77.11,93,100,3.76
122,Marzuq,YE,2021-09-13 20:53:57,14.4,46.4667,82.35,35,37,2.06
123,Beringovskiy,RU,2021-09-13 20:53:57,63.05,179.3167,33.03,76,94,15.39
124,Port Alfred,ZA,2021-09-13 20:53:58,-33.5906,26.891,64.72,82,96,16.8
125,Borujerd,IR,2021-09-13 20:53:58,33.8973,48.7516,67.44,22,0,1.77
126,Coquimbo,CL,2021-09-13 20:53:58,-29.9533,-71.3436,67.73,45,0,14.97
127,Puerto Ayora,EC,2021-09-13 20:53:59,-0.7393,-90.3518,76.96,89,75,8.01
128,Bentiu,SS,2021-09-13 20:53:59,9.2333,29.8333,72.41,89,82,2.33
129,Barabai,ID,2021-09-13 20:53:59,-2.5833,115.3833,73.06,97,79,0.94
130,Rome,US,2021-09-13 20:54:00,34.257,-85.1647,90.1,64,97,1.05
131,Kuryk,KZ,2021-09-13 20:54:00,43.2,51.65,76.77,28,1,15.57
132,Scarborough,GB,2021-09-13 20:54:00,54.2797,-0.4044,58.53,87,96,1.99
133,Cidreira,BR,2021-09-13 20:54:01,-30.1811,-50.2056,66.11,98,100,13.22
134,Azul,AR,2021-09-13 20:54:01,-36.777,-59.8585,57.6,61,0,14.5
135,Ulety,RU,2021-09-13 20:54:02,51.3572,112.4849,46.67,91,97,3.47
136,Bandiagara,ML,2021-09-13 20:54:02,14.3501,-3.6104,85.15,47,78,4.36
137,Mvuma,ZW,2021-09-13 20:54:02,-19.2792,30.5283,61.74,40,14,5.97
138,Ahipara,NZ,2021-09-13 20:54:03,-35.1667,173.1667,61.5,83,100,11.63
139,Kiunga,PG,2021-09-13 20:54:04,-6.1219,141.2906,72.72,100,100,0.87
140,Saint George,US,2021-09-13 20:52:23,37.1041,-113.5841,102.67,14,1,4.0
141,Tondano,ID,2021-09-13 20:54:05,1.3038,124.9112,64.49,94,99,1.34
142,Dikson,RU,2021-09-13 20:54:05,73.5069,80.5464,40.64,87,95,20.18
143,Bambous Virieux,MU,2021-09-13 20:54:05,-20.3428,57.7575,70.21,73,40,13.8
144,Nikolskoye,RU,2021-09-13 20:54:06,59.7035,30.7861,49.89,62,7,10.51
145,Kaitangata,NZ,2021-09-13 20:54:06,-46.2817,169.8464,39.63,88,85,5.44
146,Poum,NC,2021-09-13 20:54:06,-20.2333,164.0167,74.44,83,9,16.37
147,Ust-Kalmanka,RU,2021-09-13 20:54:07,52.1207,83.305,45.16,53,75,8.32
148,Katsuura,JP,2021-09-13 20:54:07,35.1333,140.3,73.51,72,100,9.44
149,San Patricio,US,2021-09-13 20:54:07,28.017,-97.5169,84.92,91,100,24.47
150,Gigmoto,PH,2021-09-13 20:54:08,13.7796,124.39,80.42,85,100,3.38
151,Adrar,MR,2021-09-13 20:54:08,20.5022,-10.0711,99.52,13,20,10.07
152,Ratnagiri,IN,2021-09-13 20:54:08,16.9833,73.3,79.3,89,100,12.82
153,Merauke,ID,2021-09-13 20:54:09,-8.4667,140.3333,77.07,90,91,11.56
154,Souillac,MU,2021-09-13 20:54:09,-20.5167,57.5167,70.36,73,40,13.8
155,Longyearbyen,SJ,2021-09-13 20:54:09,78.2186,15.6401,31.84,80,20,2.3
156,Bara,NG,2021-09-13 20:54:10,10.3744,10.7288,72.41,94,97,6.71
157,Yarmouth,US,2021-09-13 20:54:10,41.7057,-70.2286,81.18,61,1,5.01
158,Faanui,PF,2021-09-13 20:54:10,-16.4833,-151.75,78.42,75,8,18.39
159,Lima,PE,2021-09-13 20:54:11,-12.0432,-77.0282,65.89,74,90,5.75
160,Lieksa,FI,2021-09-13 20:54:11,63.3167,30.0167,43.57,83,100,23.82
161,Sao Paulo De Olivenca,BR,2021-09-13 20:54:11,-3.3783,-68.8725,84.72,69,72,1.34
162,Hamilton,US,2021-09-13 20:49:53,39.1834,-84.5333,88.65,56,40,1.99
163,Warrnambool,AU,2021-09-13 20:54:12,-38.3833,142.4833,47.8,63,100,5.7
164,Saldanha,ZA,2021-09-13 20:54:12,-33.0117,17.9442,53.65,74,0,19.69
165,Abakaliki,NG,2021-09-13 20:54:12,6.3163,8.1169,73.15,95,99,5.95
166,Caravelas,BR,2021-09-13 20:54:13,-17.7125,-39.2481,74.34,81,0,8.39
167,Rezekne,LV,2021-09-13 20:54:13,56.5,27.3167,44.91,81,74,9.46
168,Kilindoni,TZ,2021-09-13 20:54:13,-7.9139,39.6668,76.46,75,10,15.17
169,Irricana,CA,2021-09-13 20:54:14,51.3237,-113.6048,68.95,41,62,3.56
170,Sao Filipe,CV,2021-09-13 20:54:14,14.8961,-24.4956,80.31,80,87,2.04
171,Yumen,CN,2021-09-13 20:54:14,40.2833,97.2,61.0,53,100,9.17
172,Guerrero Negro,MX,2021-09-13 20:54:15,27.9769,-114.0611,84.09,54,4,13.33
173,Cabedelo,BR,2021-09-13 20:54:15,-6.9811,-34.8339,81.27,81,15,13.02
174,Xichang,CN,2021-09-13 20:54:16,27.8964,102.2634,62.58,91,60,0.45
175,San Juan De Uraba,CO,2021-09-13 20:54:16,8.7592,-76.5297,84.06,72,92,7.52
176,El Retorno,CO,2021-09-13 20:54:16,2.3302,-72.6276,84.54,67,58,1.86
177,Geraldton,AU,2021-09-13 20:54:17,-28.7667,114.6,39.61,93,0,4.61
178,Oksfjord,NO,2021-09-13 20:54:17,70.2396,22.3479,44.67,96,100,3.78
179,Victoria,HK,2021-09-13 20:52:24,22.2855,114.1577,86.32,84,97,1.01
180,Udachnyy,RU,2021-09-13 20:54:17,66.4167,112.4,41.81,88,14,4.97
181,Hami,CN,2021-09-13 20:54:18,42.8,93.45,66.72,34,17,3.27
182,Xingtai,CN,2021-09-13 20:54:18,37.0631,114.4942,70.03,95,59,6.73
183,Clyde River,CA,2021-09-13 20:54:18,70.4692,-68.5914,37.63,52,20,10.36
184,Mirandela,PT,2021-09-13 20:54:19,41.4874,-7.187,64.76,89,100,3.24
185,Madang,PG,2021-09-13 20:54:19,-5.2246,145.7966,76.89,88,100,2.08
186,Constitucion,CL,2021-09-13 20:54:19,-35.3333,-72.4167,53.51,63,12,6.62
187,Kloulklubed,PW,2021-09-13 20:54:20,7.0419,134.2556,84.69,72,98,12.21
188,Citrus Park,US,2021-09-13 20:54:20,28.0784,-82.5698,93.88,67,98,1.99
189,Huarmey,PE,2021-09-13 20:54:20,-10.0681,-78.1522,66.2,74,21,12.08
190,Iquique,CL,2021-09-13 20:53:58,-20.2208,-70.1431,60.84,76,100,5.64
191,Paracatu,BR,2021-09-13 20:54:21,-17.2222,-46.8747,84.15,17,4,4.59
192,Sioux Lookout,CA,2021-09-13 20:54:21,50.1001,-91.917,64.78,51,75,5.75
193,Hobyo,SO,2021-09-13 20:54:21,5.3505,48.5268,77.5,77,76,27.42
194,Dolores,AR,2021-09-13 20:54:22,-36.3132,-57.6792,55.78,66,5,13.58
195,San Andres,CO,2021-09-13 20:54:17,12.5847,-81.7006,77.02,94,90,2.3
196,Port Hardy,CA,2021-09-13 20:54:22,50.6996,-127.4199,53.78,87,75,3.44
197,Mitsamiouli,KM,2021-09-13 20:54:23,-11.3847,43.2844,76.91,74,1,5.99
198,Port Moresby,PG,2021-09-13 20:54:23,-9.4431,147.1797,78.22,94,75,4.61
199,Necochea,AR,2021-09-13 20:54:23,-38.5473,-58.7368,54.03,75,4,12.68
200,Tuktoyaktuk,CA,2021-09-13 20:54:23,69.4541,-133.0374,44.6,81,75,13.8
201,Port-Gentil,GA,2021-09-13 20:54:24,-0.7193,8.7815,77.59,85,100,13.78
202,Aitape,PG,2021-09-13 20:54:24,-3.1374,142.3475,76.68,88,100,4.18
203,Yulara,AU,2021-09-13 20:54:24,-25.2406,130.9889,55.24,33,34,9.22
204,Karabuk,TR,2021-09-13 20:54:25,41.2049,32.6277,58.87,84,14,0.47
205,Talara,PE,2021-09-13 20:54:25,-4.5772,-81.2719,74.16,64,0,12.66
206,Provost,CA,2021-09-13 20:54:26,52.3501,-110.2683,68.45,29,3,13.85
207,Barrow,US,2021-09-13 20:54:26,71.2906,-156.7887,37.51,82,100,12.59
208,Nuuk,GL,2021-09-13 20:54:27,64.1835,-51.7216,39.13,58,3,16.31
209,Vangaindrano,MG,2021-09-13 20:54:28,-23.35,47.6,67.95,89,60,4.27
210,Bathsheba,BB,2021-09-13 20:54:28,13.2167,-59.5167,88.41,66,20,6.91
211,Vila Velha,BR,2021-09-13 20:54:28,-20.3297,-40.2925,76.95,83,0,23.02
212,Ribeira Grande,PT,2021-09-13 20:54:29,38.5167,-28.7,72.0,100,75,9.22
213,Hualmay,PE,2021-09-13 20:54:29,-11.0964,-77.6139,64.71,74,22,12.41
214,Kahului,US,2021-09-13 20:50:42,20.8947,-156.47,86.02,56,20,24.16
215,Hithadhoo,MV,2021-09-13 20:54:30,-0.6,73.0833,83.35,75,10,10.4
216,Beyla,GN,2021-09-13 20:54:30,8.6833,-8.6333,69.17,97,87,3.36
217,Zhezkazgan,KZ,2021-09-13 20:54:31,47.8043,67.7144,54.03,26,13,7.4
218,Bjornevatn,NO,2021-09-13 20:54:32,69.6672,29.9847,41.34,81,75,16.11
219,Mao,ES,2021-09-13 20:54:33,39.8885,4.2658,77.56,78,0,8.05
220,Maltahohe,NA,2021-09-13 20:54:33,-24.8333,16.9833,64.53,25,0,13.82
221,Sembakung,ID,2021-09-13 20:51:29,3.8167,117.25,72.3,99,100,1.1
222,Payo,ID,2021-09-13 20:54:34,-3.7508,103.6372,71.76,99,100,0.98
223,Phalaborwa,ZA,2021-09-13 20:54:12,-23.943,31.1411,74.48,23,0,2.08
224,The Valley,AI,2021-09-13 20:54:34,18.217,-63.0578,84.34,79,20,14.97
225,Kokopo,PG,2021-09-13 20:54:34,-4.352,152.2633,79.57,74,70,5.48
226,Loa Janan,ID,2021-09-13 20:54:35,-0.583,117.095,73.15,98,100,1.77
227,Hovd,MN,2021-09-13 20:54:35,48.0056,91.6419,53.35,42,0,9.26
228,Banda Aceh,ID,2021-09-13 20:54:35,5.5577,95.3222,79.52,73,99,10.33
229,Madaoua,NE,2021-09-13 20:54:36,14.073,5.96,89.31,49,63,10.67
230,Pimentel,PE,2021-09-13 20:54:36,-6.8367,-79.9342,70.09,64,0,19.57
231,Sendafa,ET,2021-09-13 20:54:36,9.15,39.0333,56.55,89,70,2.3
232,Severo-Kurilsk,RU,2021-09-13 20:54:37,50.6789,156.125,49.82,90,100,42.3
233,Sulangan,PH,2021-09-13 20:54:37,11.1373,123.7228,83.3,72,100,5.75
234,Thompson,CA,2021-09-13 20:54:37,55.7435,-97.8558,50.16,93,90,4.61
235,Acarau,BR,2021-09-13 20:54:38,-2.8856,-40.12,79.38,80,9,16.69
236,Lensk,RU,2021-09-13 20:54:38,60.7253,114.9278,43.79,92,17,2.8
237,Oneonta,US,2021-09-13 20:54:38,42.4529,-75.0638,76.1,62,48,1.01
238,Havoysund,NO,2021-09-13 20:54:39,70.9963,24.6622,43.68,77,100,12.12
239,Thunder Bay,CA,2021-09-13 20:52:04,48.4001,-89.3168,67.98,72,75,12.66
240,Shache,CN,2021-09-13 20:54:39,38.4167,77.2406,69.98,28,44,6.42
241,Nalut,LY,2021-09-13 20:54:39,30.3333,10.85,80.87,38,0,14.72
242,Asau,RO,2021-09-13 20:54:40,46.4333,26.4,63.75,85,12,3.89
243,Varna,BG,2021-09-13 20:54:40,43.2167,27.9167,66.43,77,0,3.44
244,Salalah,OM,2021-09-13 20:54:40,17.0151,54.0924,78.82,85,92,5.84
245,Oussouye,SN,2021-09-13 20:54:41,12.485,-16.5469,78.98,87,100,4.07
246,Refojos De Basto,PT,2021-09-13 20:54:41,41.5132,-7.9952,66.7,94,96,4.38
247,Nehe,CN,2021-09-13 20:54:41,48.4833,124.8333,52.88,97,95,5.84
248,Saskylakh,RU,2021-09-13 20:54:42,71.9167,114.0833,38.43,85,20,3.02
249,Kavaratti,IN,2021-09-13 20:54:42,10.5669,72.642,81.19,81,100,20.56
250,Rovaniemi,FI,2021-09-13 20:54:42,66.5,25.7167,40.41,93,90,9.22
251,Vestmanna,FO,2021-09-13 20:54:43,62.1564,-7.1664,50.92,100,75,17.27
252,Moree,AU,2021-09-13 20:54:43,-29.4667,149.85,35.62,93,2,3.44
253,Dickinson,US,2021-09-13 20:54:43,29.4608,-95.0513,77.95,88,100,1.01
254,Matagami,CA,2021-09-13 20:54:44,49.7502,-77.6328,51.91,71,100,6.22
255,Akdepe,TM,2021-09-13 20:54:44,42.0551,59.3788,66.29,18,0,10.33
256,Goderich,CA,2021-09-13 20:54:44,43.7501,-81.7165,66.04,82,99,6.91
257,Port Hedland,AU,2021-09-13 20:54:45,-20.3167,118.5667,60.85,94,5,4.61
258,Taoudenni,ML,2021-09-13 20:54:45,22.6783,-3.9836,102.22,7,0,6.96
259,Broken Hill,AU,2021-09-13 20:54:45,-31.95,141.4333,40.71,56,4,4.61
260,Muhos,FI,2021-09-13 20:54:46,64.808,25.9931,44.38,97,100,13.51
261,Sokoni,TZ,2021-09-13 20:54:46,-6.4333,39.55,76.86,77,19,15.43
262,Buala,SB,2021-09-13 20:54:46,-8.145,159.5921,81.57,79,72,9.15
263,Qui Nhon,VN,2021-09-13 20:50:02,13.7667,109.2333,78.94,88,95,4.21
264,Aklavik,CA,2021-09-13 20:54:47,68.2191,-135.0107,49.03,74,96,11.65
265,Tumut,AU,2021-09-13 20:54:47,-35.3,148.2167,32.99,90,1,4.03
266,Martinsburg,US,2021-09-13 20:54:47,39.4562,-77.9639,89.62,62,82,3.0
267,Lumut,MY,2021-09-13 20:54:48,4.2323,100.6298,77.02,94,20,0.0
268,Fortuna,US,2021-09-13 20:54:48,40.5982,-124.1573,68.94,71,1,10.0
269,Quang Ngai,VN,2021-09-13 20:54:48,15.1167,108.8,76.77,93,99,2.77
270,Belmopan,BZ,2021-09-13 20:54:49,17.25,-88.7667,95.38,48,88,8.03
271,Dingle,PH,2021-09-13 20:54:50,10.9995,122.6711,75.47,91,88,2.62
272,Del Rio,US,2021-09-13 20:54:50,29.3627,-100.8968,90.43,45,75,9.22
273,Bengkulu,ID,2021-09-13 20:54:50,-3.8004,102.2655,72.99,88,100,6.69
274,Katima Mulilo,NA,2021-09-13 20:54:51,-17.5,24.2667,71.47,27,77,6.73
275,Diffa,NE,2021-09-13 20:54:51,13.3154,12.6113,78.42,74,100,8.16
276,Aktash,RU,2021-09-13 20:54:51,50.3,87.7333,24.4,66,1,2.04
277,Chaohu,CN,2021-09-13 20:54:52,31.6,117.8667,69.91,96,71,8.55
278,Dasoguz,TM,2021-09-13 20:54:52,41.8363,59.9666,66.15,26,0,11.5
279,Zhenhai,CN,2021-09-13 20:54:52,24.2582,118.0905,79.48,85,59,6.98
280,Luderitz,NA,2021-09-13 20:54:53,-26.6481,15.1594,54.41,72,0,18.66
281,Daru,PG,2021-09-13 20:54:53,-9.0763,143.2092,77.95,90,78,10.92
282,Kjollefjord,NO,2021-09-13 20:54:53,70.9457,27.3465,42.58,81,75,10.36
283,Moron,AR,2021-09-13 20:50:45,-34.6534,-58.6198,64.29,81,27,8.99
284,Barra Do Garcas,BR,2021-09-13 20:54:54,-15.89,-52.2567,99.18,30,0,5.75
285,Husavik,IS,2021-09-13 20:54:54,66.0449,-17.3389,48.11,61,73,28.5
286,La Paz,BO,2021-09-13 20:50:49,-16.5,-68.15,69.78,16,20,14.97
287,Lompoc,US,2021-09-13 20:54:55,34.6391,-120.4579,95.02,68,1,14.97
288,Muros,ES,2021-09-13 20:54:55,42.7762,-9.0603,67.84,89,46,4.65
289,Turukhansk,RU,2021-09-13 20:54:55,65.8167,87.9833,40.53,93,100,11.07
290,Kruisfontein,ZA,2021-09-13 20:54:56,-34.0033,24.7314,53.89,94,100,1.45
291,Shestakovo,RU,2021-09-13 20:54:56,56.4915,103.96,45.07,94,99,3.62
292,Sakakah,SA,2021-09-13 20:54:56,29.9697,40.2064,80.17,20,0,9.01
293,Erenhot,CN,2021-09-13 20:54:57,43.6475,111.9767,63.79,55,100,13.65
294,Sarangani,PH,2021-09-13 20:54:57,5.4033,125.4636,83.12,74,98,8.97
295,Ambositra,MG,2021-09-13 20:54:57,-20.5167,47.25,55.62,85,100,5.21
296,Miranda,CO,2021-09-13 20:54:57,3.2499,-76.2281,86.13,53,16,3.11
297,Egvekinot,RU,2021-09-13 20:54:58,66.3167,-179.1667,30.24,83,100,13.06
298,Saint-Pierre,RE,2021-09-13 20:54:58,-21.3393,55.4781,69.48,76,0,2.3
299,Bandarbeyla,SO,2021-09-13 20:54:58,9.4942,50.8122,76.87,83,15,28.86
300,Birao,CF,2021-09-13 20:54:59,10.2849,22.7882,68.97,96,96,1.83
301,Xiongzhou,CN,2021-09-13 20:54:59,25.1167,114.3,77.09,81,55,2.26
302,Rawah,IQ,2021-09-13 20:54:59,34.4816,41.9093,82.04,27,0,6.02
303,Cubara,CO,2021-09-13 20:55:00,7.0008,-72.1085,85.42,62,31,2.57
304,Tambopata,PE,2021-09-13 20:55:00,-12.7333,-69.1833,94.89,41,40,8.05
305,Havre-Saint-Pierre,CA,2021-09-13 20:55:01,50.2334,-63.5986,61.16,77,40,18.41
306,Shar,KZ,2021-09-13 20:55:01,49.5886,81.0453,47.19,41,3,7.56
307,Buta,CD,2021-09-13 20:55:01,2.7858,24.73,69.58,96,96,0.89
308,Leningradskiy,RU,2021-09-13 20:55:02,69.3833,178.4167,25.11,71,10,5.77
309,Ulladulla,AU,2021-09-13 20:55:07,-35.35,150.4667,48.09,80,96,14.05
310,Okha,RU,2021-09-13 20:55:08,53.5739,142.9478,46.42,77,0,5.77
311,Benghazi,LY,2021-09-13 20:55:08,32.1167,20.0667,77.05,68,53,21.85
312,Bairiki,KI,2021-09-13 20:55:08,1.3292,172.9752,84.2,79,40,8.05
313,Porto Novo,BJ,2021-09-13 20:53:24,6.4965,2.6036,75.02,91,98,2.01
314,Hirara,JP,2021-09-13 20:55:09,24.8,125.2833,83.53,83,97,22.08
315,Saint-Augustin,CA,2021-09-13 20:55:09,51.226,-58.6502,60.39,69,58,11.86
316,Storforshei,NO,2021-09-13 20:55:10,66.4043,14.5233,39.65,87,40,2.3
317,Leh,IN,2021-09-13 20:55:10,34.1667,77.5833,55.42,41,30,4.72
318,Dvinskoy,RU,2021-09-13 20:55:10,62.1535,45.1175,47.1,98,100,11.21
319,Morondava,MG,2021-09-13 20:55:11,-20.2833,44.2833,73.69,76,0,11.21
320,Suez,EG,2021-09-13 20:55:11,29.9737,32.5263,78.42,75,0,6.69
321,Garowe,SO,2021-09-13 20:55:12,8.4054,48.4845,77.52,58,5,23.53
322,Ca Mau,VN,2021-09-13 20:55:12,9.1769,105.15,76.21,87,100,12.26
323,Nadym,RU,2021-09-13 20:55:12,65.5333,72.5167,42.17,96,100,9.22
324,Yenagoa,NG,2021-09-13 20:55:13,4.9247,6.2642,74.64,93,99,3.31
325,Kalabo,ZM,2021-09-13 20:55:13,-14.97,22.6814,72.84,25,13,5.37
326,Obo,CF,2021-09-13 20:55:13,5.3998,26.4869,68.13,95,100,1.99
327,Turayf,SA,2021-09-13 20:55:14,31.6725,38.6637,77.25,41,0,13.8
328,Cabo San Lucas,MX,2021-09-13 20:55:14,22.8909,-109.9124,87.19,74,2,5.21
329,Conde,BR,2021-09-13 20:55:15,-7.2597,-34.9075,80.06,74,0,12.66
330,Andenes,NO,2021-09-13 20:55:15,69.3143,16.1194,42.78,75,20,9.22
331,Castro,BR,2021-09-13 20:55:15,-24.7911,-50.0119,75.42,43,100,2.35
332,Atasu,KZ,2021-09-13 20:55:16,48.6814,71.6433,49.55,36,0,6.58
333,Kamaishi,JP,2021-09-13 20:55:16,39.2667,141.8833,64.89,75,100,4.74
334,Ayolas,PY,2021-09-13 20:55:16,-27.4,-56.9,85.08,50,98,4.14
335,Champerico,GT,2021-09-13 20:55:17,14.3,-91.9167,83.35,71,3,7.99
336,Batagay,RU,2021-09-13 20:55:17,67.6333,134.6333,44.91,64,81,3.69
337,Langsa,ID,2021-09-13 20:55:18,4.4683,97.9683,73.53,95,100,1.7
338,Mount Gambier,AU,2021-09-13 20:55:18,-37.8333,140.7667,44.51,93,90,1.14
339,Chumikan,RU,2021-09-13 20:55:18,54.7183,135.315,46.18,78,0,12.71
340,Camotan,GT,2021-09-13 20:55:19,14.8167,-89.3667,92.8,65,23,2.82
341,Fairbanks,US,2021-09-13 20:55:19,64.8378,-147.7164,59.59,60,75,0.0
342,Verkhnyaya Inta,RU,2021-09-13 20:55:19,65.9811,60.3094,31.57,94,72,5.68
343,Oliveira Dos Brejinhos,BR,2021-09-13 20:55:20,-12.3169,-42.8961,85.98,27,7,10.51
344,Guymon,US,2021-09-13 20:55:20,36.6828,-101.4816,96.75,9,0,19.15
345,Yaan,NG,2021-09-13 20:55:20,7.3833,8.5667,71.89,93,92,5.23
346,Mindelo,CV,2021-09-13 20:55:21,16.8901,-24.9804,79.9,83,56,5.91
347,Kvarkeno,RU,2021-09-13 20:55:21,52.0833,59.725,54.41,51,23,8.84
348,Millinocket,US,2021-09-13 20:55:18,45.6573,-68.7098,68.56,61,87,7.14
349,Henties Bay,NA,2021-09-13 20:55:22,-22.116,14.2845,54.86,92,1,10.29
350,San Jeronimo,PE,2021-09-13 20:55:22,-11.9472,-75.2829,62.85,49,85,8.59
351,Dunedin,NZ,2021-09-13 20:55:22,-45.8742,170.5036,43.81,73,100,7.0
352,Augusto Correa,BR,2021-09-13 20:55:23,-1.0217,-46.635,80.01,76,21,6.73
353,Mount Pleasant,US,2021-09-13 20:54:05,32.7941,-79.8626,88.0,66,20,1.99
354,Yarega,RU,2021-09-13 20:55:23,63.4354,53.5765,39.51,69,95,6.82
355,Juneau,US,2021-09-13 20:55:24,58.3019,-134.4197,55.45,99,100,8.01
356,Lagos,NG,2021-09-13 20:51:07,6.5833,3.75,75.52,93,95,1.07
357,Billings,US,2021-09-13 20:55:24,45.7833,-108.5007,81.37,32,88,1.99
358,Tagab,AF,2021-09-13 20:55:24,34.855,69.6492,70.65,33,0,1.83
359,Haines Junction,CA,2021-09-13 20:55:25,60.7522,-137.5108,51.75,62,100,6.91
360,Aguas Vermelhas,BR,2021-09-13 20:55:25,-15.7472,-41.46,77.31,39,19,5.41
361,Pacific Grove,US,2021-09-13 20:55:26,36.6177,-121.9166,94.15,80,21,1.99
362,Maribondo,BR,2021-09-13 20:55:26,-9.5772,-36.3053,78.35,95,35,5.39
363,Eureka,US,2021-09-13 20:53:02,40.8021,-124.1637,69.21,74,85,5.01
364,Cherskiy,RU,2021-09-13 20:55:27,68.75,161.3,38.59,85,92,2.71
365,Palu,ID,2021-09-13 20:55:13,-0.8917,119.8707,74.28,94,100,3.02
366,Ormond Beach,US,2021-09-13 20:50:40,29.2858,-81.0559,92.05,63,40,4.0
367,Itarema,BR,2021-09-13 20:55:28,-2.9248,-39.9167,79.03,81,7,15.3
368,Felanitx,ES,2021-09-13 20:55:28,39.4696,3.1483,77.95,74,98,3.49
369,Zhigansk,RU,2021-09-13 20:55:28,66.7697,123.3711,46.92,86,100,9.57
370,Ouadda,CF,2021-09-13 20:55:29,8.0777,22.4007,67.5,96,100,1.01
371,Fernie,CA,2021-09-13 20:55:29,49.5,-115.0687,63.28,36,13,5.1
372,Saint-Francois,FR,2021-09-13 20:55:29,46.4154,3.9054,67.44,77,0,2.3
373,Saint-Philippe,RE,2021-09-13 20:55:30,-21.3585,55.7679,69.39,80,56,15.35
374,Tommot,RU,2021-09-13 20:55:30,58.9564,126.2925,50.77,93,98,2.64
375,Hasaki,JP,2021-09-13 20:55:30,35.7333,140.8333,68.4,67,96,8.63
376,Viedma,AR,2021-09-13 20:55:31,-40.8135,-62.9967,56.88,24,80,10.63
377,Puerto Penasco,MX,2021-09-13 20:50:54,31.3167,-113.5333,91.9,70,0,5.99
378,Pipri,IN,2021-09-13 20:55:31,19.8,75.5333,74.19,91,100,7.72
379,Carmaux,FR,2021-09-13 20:55:32,44.051,2.158,73.67,70,100,8.68
380,Cabra,ES,2021-09-13 20:55:32,37.4725,-4.4421,79.39,47,100,1.01
381,Kampong Cham,KH,2021-09-13 20:55:32,11.9934,105.4635,75.2,97,97,3.56
382,Nuqui,CO,2021-09-13 20:55:33,5.7125,-77.2708,80.28,79,57,9.1
383,Millerovo,RU,2021-09-13 20:55:33,48.9226,40.3967,64.8,59,40,4.85
384,Chipata,ZM,2021-09-13 20:55:33,-13.6333,32.65,66.9,59,30,6.4
385,Sagua La Grande,CU,2021-09-13 20:55:34,22.8067,-80.0756,86.04,63,100,11.95
386,Coihaique,CL,2021-09-13 20:55:34,-45.5752,-72.0662,48.81,49,40,12.66
387,Santa Maria,BR,2021-09-13 20:55:34,-29.6842,-53.8069,67.3,88,75,17.27
388,Axim,GH,2021-09-13 20:55:35,4.8699,-2.2405,76.26,92,72,5.82
389,Raudeberg,NO,2021-09-13 20:55:35,61.9875,5.1352,50.67,62,100,4.14
390,Conceicao Da Barra,BR,2021-09-13 20:55:35,-18.5933,-39.7322,74.97,83,0,10.69
391,Komsomolskiy,UZ,2021-09-13 20:55:36,40.4272,71.7189,65.12,45,0,6.91
392,Iqaluit,CA,2021-09-13 20:55:36,63.7506,-68.5145,37.13,60,75,16.11
393,High Level,CA,2021-09-13 20:55:36,58.5169,-117.136,62.71,48,75,12.66
394,Mondovi,IT,2021-09-13 20:55:36,44.396,7.8176,72.18,74,30,3.49
395,Los Llanos De Aridane,ES,2021-09-13 20:50:58,28.6585,-17.9182,73.15,89,20,4.61
396,Matara,LK,2021-09-13 20:55:37,5.9485,80.5353,77.74,90,68,8.86
397,Itoman,JP,2021-09-13 20:55:37,26.1247,127.6694,82.78,89,75,14.97
398,Minab,IR,2021-09-13 20:55:40,27.1467,57.0801,85.5,44,3,3.33
399,Myitkyina,MM,2021-09-13 20:55:40,25.3833,97.4,74.66,95,66,1.61
400,Whitianga,NZ,2021-09-13 20:55:40,-36.8333,175.7,60.03,82,87,13.82
401,Bestobe,KZ,2021-09-13 20:55:40,52.4994,73.0975,47.71,58,37,9.71
402,Puri,IN,2021-09-13 20:55:41,19.8,85.85,81.12,83,100,17.36
403,Magistralnyy,RU,2021-09-13 20:55:41,56.1725,107.4458,48.61,93,100,2.26
404,Avera,US,2021-09-13 20:55:42,33.194,-82.5271,89.11,36,100,1.36
405,Mahanoro,MG,2021-09-13 20:55:42,-19.9,48.8,66.2,90,41,3.49
406,Timra,SE,2021-09-13 20:55:42,62.487,17.3257,49.68,62,0,8.05
407,Mashhad,IR,2021-09-13 20:55:43,36.297,59.6062,66.34,34,0,4.61
408,Terney,RU,2021-09-13 20:55:44,45.0503,136.6092,57.16,80,100,3.49
409,Sistranda,NO,2021-09-13 20:55:44,63.7256,8.834,50.9,64,100,4.5
410,Turangi,NZ,2021-09-13 20:55:44,-39.0,175.9333,48.43,96,100,2.06
411,Ouesso,CG,2021-09-13 20:55:45,1.6136,16.0517,71.62,90,91,1.39
412,Aneho,TG,2021-09-13 20:55:45,6.2333,1.6,79.0,76,100,3.29
413,Harper,LR,2021-09-13 20:55:45,4.375,-7.7169,77.88,89,100,7.29
414,Padilla,CO,2021-09-13 20:55:46,3.2204,-76.3139,87.37,50,12,3.36
415,Xapuri,BR,2021-09-13 20:55:46,-10.6517,-68.5044,92.48,37,81,5.3
416,Singapore,SG,2021-09-13 20:55:46,1.2897,103.8501,80.55,87,75,4.61
417,Vao,NC,2021-09-13 20:55:47,-22.6667,167.4833,70.47,79,4,12.64
418,Vicuna,CL,2021-09-13 20:55:47,-30.0319,-70.7081,60.53,31,0,6.51
419,Nyagan,RU,2021-09-13 20:55:47,62.1406,65.3936,33.06,92,8,6.15
420,Grande Prairie,CA,2021-09-13 20:51:20,55.1667,-118.8027,64.58,36,40,20.71
421,Nombre De Dios,MX,2021-09-13 20:55:48,23.85,-104.2333,78.8,42,100,7.34
422,Thinadhoo,MV,2021-09-13 20:55:48,0.5333,72.9333,83.57,74,13,9.44
423,Hwange,ZW,2021-09-13 20:55:49,-18.3693,26.5019,71.49,35,27,1.92
424,San Quintin,MX,2021-09-13 20:54:48,30.4833,-115.95,77.52,65,0,13.2
425,Murmashi,RU,2021-09-13 20:55:49,68.8154,32.8115,41.41,81,75,8.95
426,Wamba,NG,2021-09-13 20:55:49,8.9333,8.6,71.33,97,93,1.1
427,Hailun,CN,2021-09-13 20:55:50,47.45,126.9333,50.49,96,82,3.89
428,Mount Isa,AU,2021-09-13 20:55:50,-20.7333,139.5,67.77,19,49,6.91
429,Brigantine,US,2021-09-13 20:55:50,39.4101,-74.3646,89.29,66,18,8.23
430,Ende,ID,2021-09-13 20:55:51,-8.8432,121.6623,76.35,89,34,1.52
431,Houston,US,2021-09-13 20:55:06,29.7633,-95.3633,78.44,84,90,5.99
432,Lokosovo,RU,2021-09-13 20:55:51,61.1333,74.8167,36.75,98,100,13.73
433,Phan Thiet,VN,2021-09-13 20:53:56,10.9333,108.1,76.57,93,100,7.7
434,Itapirapua,BR,2021-09-13 20:55:52,-15.8233,-50.6133,96.4,12,61,3.49
435,Diamantino,BR,2021-09-13 20:55:52,-14.4086,-56.4461,89.73,35,93,3.6
436,Itaqui,BR,2021-09-13 20:55:53,-29.1253,-56.5531,79.14,74,81,7.56
437,Naze,JP,2021-09-13 20:55:53,28.3667,129.4833,80.04,86,100,17.76
438,Saint Anthony,US,2021-09-13 20:53:09,45.0205,-93.218,77.67,46,90,1.99
439,Grindavik,IS,2021-09-13 20:55:53,63.8424,-22.4338,48.15,81,75,24.16
440,Lesu,RO,2021-09-13 20:55:54,47.3167,24.75,56.7,78,16,4.74
441,Aswan,EG,2021-09-13 20:55:54,24.0934,32.907,92.5,15,0,11.5
442,Pyapon,MM,2021-09-13 20:55:54,16.2833,95.6833,75.94,95,100,4.79
443,Laval,CA,2021-09-13 20:54:46,45.57,-73.692,71.85,48,40,3.0
444,Alofi,NU,2021-09-13 20:55:55,-19.0595,-169.9187,78.69,69,20,9.22
445,Innisfail,AU,2021-09-13 20:55:55,-17.5333,146.0333,69.39,88,2,3.02
446,Saint-Georges,GD,2021-09-13 20:55:56,12.0564,-61.7485,87.48,70,20,10.36
447,Broome,US,2021-09-13 20:55:56,42.2506,-75.833,78.01,62,46,1.01
448,Suicheng,CN,2021-09-13 20:55:56,33.8963,117.9331,63.95,91,0,8.37
449,Portland,US,2021-09-13 20:53:28,45.5234,-122.6762,72.93,57,40,1.01
450,Miramar,US,2021-09-13 20:55:57,25.9873,-80.2323,87.82,57,79,11.23
451,Fayaoue,NC,2021-09-13 20:55:57,-20.65,166.5333,74.3,75,76,13.94
452,Marshall,US,2021-09-13 20:55:58,34.3834,-86.3333,90.12,63,1,1.99
453,Rapid Valley,US,2021-09-13 20:55:59,44.0625,-103.1463,78.31,42,1,3.0
454,Rio Grande,BR,2021-09-13 20:55:59,-32.035,-52.0986,64.51,98,100,6.38
455,Neiafu,TO,2021-09-13 20:55:59,-18.65,-173.9833,77.68,94,40,2.3
456,Mahibadhoo,MV,2021-09-13 20:56:00,3.7833,72.9667,82.85,74,27,7.76
457,Hoopstad,ZA,2021-09-13 20:56:00,-27.8327,25.9083,60.94,11,0,7.4
458,Atambua,ID,2021-09-13 20:56:00,-9.1061,124.8925,71.31,87,29,4.43
459,Isabela,PH,2021-09-13 20:56:01,6.7085,121.9711,78.44,86,100,5.73
460,Alekseyevka,RU,2021-09-13 20:56:01,50.6309,38.6903,67.08,51,73,11.48
461,Gorin,RU,2021-09-13 20:56:02,51.1983,136.6669,38.88,83,0,1.68
462,Newcastle,AU,2021-09-13 20:56:02,-32.9272,151.7765,53.71,96,75,8.01
463,Kuusamo,FI,2021-09-13 20:56:02,65.9667,29.1833,37.44,93,90,12.66
464,Berlevag,NO,2021-09-13 20:56:03,70.8578,29.0864,42.75,75,75,17.27
465,Road Town,VG,2021-09-13 20:56:03,18.4167,-64.6167,85.19,78,100,15.61
466,Bada,RU,2021-09-13 20:56:03,51.392,109.8717,50.27,72,100,3.71
467,Buraydah,SA,2021-09-13 20:56:05,26.326,43.975,90.05,23,4,7.83
468,Nome,US,2021-09-13 20:56:05,64.5011,-165.4064,51.17,84,100,8.9
469,Mingoyo,TZ,2021-09-13 20:56:06,-10.1,39.6333,67.78,94,37,2.82
470,Soyo,AO,2021-09-13 20:56:06,-6.1349,12.3689,74.66,87,50,8.43
471,Mokhsogollokh,RU,2021-09-13 20:56:06,61.4681,128.9203,49.14,79,100,4.81
472,Sarh,TD,2021-09-13 20:56:06,9.1429,18.3923,73.31,88,20,0.0
473,Ujiie,JP,2021-09-13 20:56:07,36.6833,139.9667,64.65,79,100,1.19
474,Sabzevar,IR,2021-09-13 20:56:07,36.2126,57.6819,73.4,15,0,9.1
475,Nagtipunan,PH,2021-09-13 20:56:08,16.2167,121.6,73.94,96,100,1.32
476,Mayo,US,2021-09-13 20:56:08,38.8876,-76.5119,90.34,61,11,7.0
477,Plettenberg Bay,ZA,2021-09-13 20:56:08,-34.0527,23.3716,55.15,89,100,2.89
478,Lerwick,GB,2021-09-13 20:56:09,60.1545,-1.1494,53.6,77,100,11.95
479,Ixtapa,MX,2021-09-13 20:56:09,20.7,-105.2,78.22,94,95,7.0
480,Nicoya,CR,2021-09-13 20:56:09,10.1483,-85.452,78.35,85,93,2.84
481,Savannah Bight,HN,2021-09-13 20:56:10,16.45,-85.85,89.65,78,13,21.56
482,Tilichiki,RU,2021-09-13 20:56:10,60.4667,166.1,38.19,65,16,3.56
483,Vestmannaeyjar,IS,2021-09-13 20:56:11,63.4427,-20.2734,49.73,68,100,31.25
484,Severodvinsk,RU,2021-09-13 20:56:11,64.5635,39.8302,48.31,88,100,19.53
485,Meadow Lake,US,2021-09-13 20:56:11,34.8014,-106.5436,93.33,19,0,7.11
486,Kurya,RU,2021-09-13 20:56:12,51.6003,82.2888,43.11,54,84,8.3
487,Opotiki,NZ,2021-09-13 20:56:12,-38.0833,177.2833,56.52,97,100,6.44
488,Scottsbluff,US,2021-09-13 20:56:12,41.8666,-103.6672,91.81,35,38,4.0
489,Kemijarvi,FI,2021-09-13 20:56:13,66.7131,27.4306,37.49,98,100,12.97
490,Sibolga,ID,2021-09-13 20:56:13,1.7427,98.7792,75.36,77,100,3.02
491,Praia,CV,2021-09-13 20:56:13,14.9215,-23.5087,81.25,76,54,2.44
492,Sharjah,AE,2021-09-13 20:56:14,25.3573,55.4033,93.18,70,0,3.44
493,Jacksonville,US,2021-09-13 20:53:53,30.3322,-81.6556,92.01,67,40,3.0
494,Ostrovnoy,RU,2021-09-13 20:56:14,68.0531,39.5131,41.38,82,99,17.27
495,Atbasar,KZ,2021-09-13 20:56:15,51.8,68.3333,49.26,49,41,10.18
496,Mezen,RU,2021-09-13 20:56:15,65.8522,44.24,38.89,78,86,12.01
497,Samfya,ZM,2021-09-13 20:56:15,-11.3649,29.5565,74.01,42,64,11.3
498,Mackay,AU,2021-09-13 20:56:16,-21.15,149.2,70.05,94,2,4.61
499,Lata,PT,2021-09-13 20:56:16,40.1629,-8.3327,68.41,95,41,2.73
500,Changchun,CN,2021-09-13 20:56:16,43.88,125.3228,49.96,88,0,3.29
501,Talnakh,RU,2021-09-13 20:56:17,69.4865,88.3972,45.7,73,97,15.59
502,Oranjestad,AW,2021-09-13 20:56:17,12.524,-70.027,89.55,66,20,16.11
503,Trairi,BR,2021-09-13 20:53:19,-3.2778,-39.2689,79.14,81,6,12.26
504,Khvorostyanka,RU,2021-09-13 20:56:18,52.6096,48.9597,60.26,55,75,8.97
505,Langham,CA,2021-09-13 20:56:18,52.3668,-106.9679,69.03,30,4,15.61
506,Shelburne,CA,2021-09-13 20:56:18,44.0787,-80.2041,69.69,51,98,6.85
507,Namibe,AO,2021-09-13 20:54:17,-15.1961,12.1522,64.47,86,83,6.62
508,Belle Fourche,US,2021-09-13 20:56:19,44.6714,-103.8522,78.48,28,23,10.29
509,Takoradi,GH,2021-09-13 20:56:19,4.8845,-1.7554,76.15,92,94,7.31
510,Fukue,JP,2021-09-13 20:56:19,32.6881,128.8419,76.37,92,100,26.26
511,Jacareacanga,BR,2021-09-13 20:56:20,-6.2222,-57.7528,86.58,51,57,4.59
512,Pucallpa,PE,2021-09-13 20:56:20,-8.3791,-74.5539,91.44,52,40,5.75
513,Paamiut,GL,2021-09-13 20:56:20,61.994,-49.6678,38.12,73,3,27.74
514,Nyrob,RU,2021-09-13 20:56:21,60.733,56.7202,35.89,83,100,4.63
515,Kanchanaburi,TH,2021-09-13 20:56:21,14.6333,99.1,74.97,93,100,4.07
516,Alghero,IT,2021-09-13 20:56:21,40.5589,8.3181,69.89,94,0,3.44
517,La Tuque,CA,2021-09-13 20:56:22,47.4334,-72.7824,62.85,55,100,8.05
518,Powassan,CA,2021-09-13 20:56:22,46.0334,-79.3496,68.65,60,14,5.17
519,Nouakchott,MR,2021-09-13 20:56:22,18.0858,-15.9785,85.93,78,23,21.7
520,Mana,GF,2021-09-13 20:56:23,5.6592,-53.7767,80.98,79,0,7.9
521,Alice Springs,AU,2021-09-13 20:56:23,-23.7,133.8833,53.15,32,7,10.36
522,Toma,BF,2021-09-13 20:56:23,12.7667,-2.8833,80.46,69,69,7.81
523,Podlesnoye,RU,2021-09-13 20:56:24,51.8161,47.009,62.19,49,99,7.14
524,La Ronge,CA,2021-09-13 20:56:24,55.1001,-105.2842,59.25,67,75,10.36
525,Kerema,PG,2021-09-13 20:56:24,-7.9631,145.7785,77.9,90,95,5.48
526,Porto Seguro,BR,2021-09-13 20:56:25,-16.4497,-39.0647,77.52,78,20,13.8
527,Smirnykh,RU,2021-09-13 20:56:25,49.75,142.8333,40.8,86,0,5.1
528,Aripuana,BR,2021-09-13 20:56:25,-9.1667,-60.6333,81.19,63,96,2.51
529,Malumfashi,NG,2021-09-13 20:56:26,11.7853,7.6218,71.31,92,100,4.65
530,Pauini,BR,2021-09-13 20:56:26,-7.7136,-66.9764,89.69,45,89,4.68
531,Eyl,SO,2021-09-13 20:56:26,7.9803,49.8164,77.29,78,5,22.57
532,Baykit,RU,2021-09-13 20:56:27,61.67,96.37,41.13,95,100,6.35
533,Mikkeli,FI,2021-09-13 20:56:27,61.6886,27.2723,42.91,75,0,12.66
534,Bitterfeld,DE,2021-09-13 20:56:27,51.6167,12.3167,61.29,80,97,4.81
535,Mandera,KE,2021-09-13 20:56:28,3.9366,41.867,80.69,46,100,21.3
